,Year,Section,Region,PmpOverallPoints,LevelOrdealYouthFinal,LevelOrdealYoungAdultFinal,LevelOrdealAdultFinal,LevelBrotherhoodYouthFinal,LevelBrotherhoodYoungAdultFinal,LevelBrotherhoodAdultFinal,LevelVigilYouthFinal,LevelVigilYoungAdultFinal,LevelVigilAdultFinal,InductedOrdealYouthFinal,InductedOrdealAdultFinal,InductedBrotherhoodYouthFinal,InductedBrotherhoodAdultFinal,InductedVigilYouthFinal,InductedVigilAdultFinal,ElectedCurrentYouthFinal,ElectedCurrentAdultFinal,ElectedPreviousYouthFinal,ElectedPreviousAdultFinal,UnitCountFinal,Item1ElectionsConducted,Item1ElectionsNoEligibleScouts,Item1VisitsConducted,Item3ActivatedYouth,Item9ServiceHours,TotalMembers,ElectionRate,InductedOrdealTotal,ElectedTotal,InductionRate,ActivationRate,LevelOrdealTotal,LevelBrotherhoodTotal,LevelVigilTotal,LevelYouthTotal,LevelYoungAdultTotal,LevelAdultTotal
0,2019,1,G      G      G      G      G      ,86,267.0,55.0,131.0,114.0,54.0,203.0,4.0,19.0,173.0,142.0,31.0,64.0,24.0,5.0,4.0,192.0,31.0,9.0,0.0,274.0,120.0,40.0,131.0,80.0,12634.0,1020.0,0.583941605839416,173.0,223.0,0.7757847533632287,0.4624277456647399,453.0,371.0,196.0,385.0,128.0,507.0
1,2019,10,G      G      G      G      G      ,63,761.0,113.0,274.0,303.0,167.0,467.0,13.0,47.0,419.0,351.0,57.0,129.0,28.0,21.0,26.0,239.0,39.0,102.0,20.0,481.0,259.0,58.0,276.0,76.0,26726.0,2564.0,0.659043659043659,408.0,278.0,1.4676258992805755,0.18627450980392157,1148.0,937.0,479.0,1077.0,327.0,1160.0
2,2019,11,G      G      G      G      G      G      ,66,1055.0,162.0,442.0,576.0,255.0,762.0,24.0,96.0,811.0,641.0,132.0,291.0,89.0,47.0,33.0,996.0,233.0,1.0,0.0,837.0,528.0,110.0,573.0,103.0,21923.0,4183.0,0.7622461170848268,773.0,1229.0,0.628966639544345,0.1332470892626132,1659.0,1593.0,931.0,1655.0,513.0,2015.0
3,2019,12N,G      G      G      ,47,165.0,15.0,66.0,48.0,29.0,94.0,1.0,8.0,93.0,134.0,16.0,16.0,14.0,6.0,5.0,164.0,23.0,0.0,0.0,377.0,156.0,25.0,112.0,23.0,5403.0,519.0,0.48010610079575594,150.0,187.0,0.8021390374331551,0.15333333333333332,246.0,171.0,102.0,214.0,52.0,253.0
4,2019,12S,G      G      G      ,33,666.0,47.0,199.0,222.0,71.0,394.0,14.0,32.0,370.0,382.0,71.0,116.0,42.0,14.0,18.0,599.0,78.0,87.0,1.0,2005.0,451.0,291.0,186.0,90.0,29375.0,2015.0,0.37007481296758105,453.0,677.0,0.6691285081240768,0.1986754966887417,912.0,687.0,416.0,902.0,150.0,963.0
5,2019,13E,G      G      G      ,52,208.0,18.0,81.0,107.0,54.0,152.0,5.0,18.0,196.0,113.0,29.0,46.0,13.0,10.0,10.0,152.0,34.0,9.0,0.0,253.0,217.0,64.0,201.0,39.0,19228.0,839.0,1.1106719367588933,142.0,186.0,0.7634408602150538,0.2746478873239437,307.0,313.0,219.0,320.0,90.0,429.0
6,2019,13W,G      G      G      G      ,42,703.0,83.0,279.0,291.0,92.0,465.0,15.0,54.0,401.0,479.0,101.0,158.0,55.0,30.0,18.0,767.0,148.0,25.0,3.0,1554.0,262.0,441.0,270.0,62.0,10995.0,2383.0,0.4523809523809524,580.0,915.0,0.6338797814207651,0.10689655172413794,1065.0,848.0,470.0,1009.0,229.0,1145.0
7,2019,14,G      G      G      G      ,37,185.0,16.0,68.0,85.0,22.0,118.0,14.0,11.0,159.0,132.0,20.0,39.0,17.0,13.0,5.0,264.0,23.0,142.0,23.0,1113.0,548.0,13.0,524.0,17.0,3680.0,678.0,0.5040431266846361,152.0,287.0,0.5296167247386759,0.1118421052631579,269.0,225.0,184.0,284.0,49.0,345.0
8,2019,15,G      G      G      G      G      ,55,603.0,46.0,157.0,176.0,63.0,238.0,9.0,31.0,249.0,340.0,47.0,75.0,20.0,16.0,12.0,611.0,67.0,17.0,1.0,737.0,356.0,71.0,278.0,68.0,17309.0,1572.0,0.5793758480325645,387.0,678.0,0.5707964601769911,0.17571059431524547,806.0,477.0,289.0,788.0,140.0,644.0
9,2019,16,G      G      G      ,48,502.0,68.0,198.0,277.0,105.0,379.0,4.0,39.0,398.0,319.0,67.0,117.0,44.0,14.0,13.0,461.0,85.0,4.0,2.0,642.0,322.0,124.0,391.0,138.0,12151.0,1970.0,0.6947040498442367,386.0,546.0,0.706959706959707,0.35751295336787564,768.0,761.0,441.0,783.0,212.0,975.0
10,2019,17N,G      G      G      G      G      ,67,464.0,53.0,126.0,214.0,81.0,252.0,4.0,35.0,194.0,336.0,42.0,82.0,45.0,8.0,6.0,548.0,55.0,0.0,0.0,730.0,296.0,70.0,244.0,75.0,22162.0,1423.0,0.5013698630136987,378.0,603.0,0.6268656716417911,0.1984126984126984,643.0,547.0,233.0,682.0,169.0,572.0
11,2019,17S,G      G      G      G      G      ,61,413.0,59.0,123.0,126.0,42.0,170.0,4.0,21.0,188.0,263.0,40.0,72.0,21.0,4.0,4.0,455.0,58.0,18.0,2.0,553.0,215.0,206.0,131.0,38.0,17529.0,1146.0,0.7613019891500904,303.0,513.0,0.5906432748538012,0.1254125412541254,595.0,338.0,213.0,543.0,122.0,481.0
12,2019,18N,G      G      G      G      G      G      ,62,387.0,55.0,132.0,156.0,53.0,227.0,4.0,31.0,289.0,253.0,43.0,80.0,14.0,15.0,12.0,477.0,65.0,0.0,0.0,684.0,253.0,160.0,243.0,97.0,10614.0,1334.0,0.6038011695906432,296.0,542.0,0.5461254612546126,0.3277027027027027,574.0,436.0,324.0,547.0,139.0,648.0
13,2019,18S,G      G      G      ,53,462.0,44.0,161.0,211.0,42.0,237.0,11.0,34.0,238.0,346.0,67.0,117.0,38.0,18.0,11.0,622.0,73.0,3.0,1.0,682.0,475.0,315.0,341.0,169.0,59378.0,1440.0,1.1583577712609971,413.0,695.0,0.5942446043165468,0.4092009685230024,667.0,490.0,283.0,684.0,120.0,636.0
14,2019,19,G      G      ,36,174.0,21.0,66.0,128.0,30.0,134.0,2.0,9.0,81.0,121.0,37.0,74.0,25.0,9.0,4.0,165.0,43.0,0.0,0.0,297.0,100.0,43.0,100.0,45.0,2012.0,645.0,0.48148148148148145,158.0,208.0,0.7596153846153846,0.2848101265822785,261.0,292.0,92.0,304.0,60.0,281.0
15,2019,2,G      G      G      G      G      G      G      G      G      ,108,2093.0,331.0,928.0,765.0,271.0,1056.0,36.0,71.0,726.0,1311.0,293.0,366.0,131.0,42.0,42.0,2115.0,431.0,10.0,3.0,1276.0,577.0,227.0,504.0,144.0,43984.0,6277.0,0.6300940438871473,1604.0,2546.0,0.6300078554595444,0.08977556109725686,3352.0,2092.0,833.0,2894.0,673.0,2710.0
16,2019,3,G      G      G      G      G      G      G      G      G      ,139,1707.0,215.0,794.0,817.0,323.0,1412.0,14.0,84.0,735.0,1048.0,257.0,363.0,152.0,35.0,40.0,1521.0,358.0,163.0,41.0,1190.0,750.0,153.0,732.0,253.0,99249.0,6101.0,0.7588235294117647,1305.0,1879.0,0.6945183608302289,0.19386973180076628,2716.0,2552.0,833.0,2538.0,622.0,2941.0
17,2019,4,G      G      G      G      G      G      G      ,99,627.0,101.0,298.0,271.0,96.0,470.0,24.0,70.0,416.0,380.0,95.0,118.0,49.0,30.0,23.0,594.0,120.0,67.0,8.0,531.0,354.0,57.0,323.0,159.0,50602.0,2373.0,0.7740112994350282,475.0,714.0,0.665266106442577,0.33473684210526317,1026.0,837.0,510.0,922.0,267.0,1184.0
18,2019,5,G      G      G      G      G      G      ,67,600.0,69.0,208.0,257.0,63.0,320.0,18.0,40.0,327.0,349.0,64.0,115.0,39.0,12.0,8.0,531.0,78.0,30.0,5.0,644.0,266.0,96.0,204.0,38.0,8753.0,1902.0,0.562111801242236,413.0,609.0,0.6781609195402298,0.09200968523002422,877.0,640.0,385.0,875.0,172.0,855.0
19,2019,6,G      G      G      G      G      ,65,1482.0,128.0,644.0,900.0,282.0,1006.0,25.0,70.0,566.0,861.0,208.0,362.0,137.0,36.0,36.0,961.0,205.0,16.0,3.0,922.0,654.0,233.0,530.0,93.0,94203.0,5103.0,0.9620390455531453,1069.0,1166.0,0.9168096054888508,0.08699719363891488,2254.0,2188.0,661.0,2407.0,480.0,2216.0
20,2019,7,G      G      G      G      G      G      G      ,103,1326.0,125.0,408.0,644.0,164.0,631.0,25.0,80.0,640.0,689.0,121.0,250.0,69.0,46.0,46.0,898.0,171.0,111.0,26.0,652.0,584.0,125.0,469.0,189.0,59796.0,4043.0,1.0874233128834356,810.0,1069.0,0.7577174929840973,0.23333333333333334,1859.0,1439.0,745.0,1995.0,369.0,1679.0
21,2019,8,G      G      G      G      G      ,57,449.0,39.0,119.0,207.0,102.0,331.0,4.0,35.0,394.0,280.0,38.0,93.0,30.0,18.0,15.0,339.0,42.0,39.0,2.0,338.0,290.0,85.0,165.0,39.0,19905.0,1680.0,1.1094674556213018,318.0,381.0,0.8346456692913385,0.12264150943396226,607.0,640.0,433.0,660.0,176.0,844.0
22,2019,9,G      G      G      G      G      G      G      G      ,108,2015.0,291.0,741.0,787.0,398.0,1203.0,26.0,128.0,1154.0,1229.0,234.0,314.0,101.0,56.0,52.0,1659.0,325.0,26.0,3.0,1189.0,1104.0,484.0,744.0,302.0,43404.0,6743.0,1.3355761143818334,1463.0,1984.0,0.7373991935483871,0.20642515379357484,3047.0,2388.0,1308.0,2828.0,817.0,3098.0
23,2020,1,G      G      G      G      G      ,50,192.0,39.0,109.0,82.0,51.0,180.0,5.0,14.0,156.0,59.0,7.0,19.0,6.0,1.0,1.0,67.0,13.0,0.0,0.0,244.0,64.0,23.0,64.0,49.0,13247.0,828.0,0.35655737704918034,66.0,80.0,0.825,0.7424242424242424,340.0,313.0,175.0,279.0,104.0,445.0
24,2020,10,G      G      G      G      G      ,61,631.0,127.0,264.0,255.0,138.0,438.0,16.0,35.0,382.0,242.0,60.0,94.0,27.0,19.0,11.0,179.0,32.0,156.0,81.0,431.0,196.0,54.0,136.0,69.0,18376.0,2286.0,0.580046403712297,302.0,211.0,1.4312796208530805,0.22847682119205298,1022.0,831.0,433.0,902.0,300.0,1084.0
25,2020,11,G      G      G      G      G      G      ,41,878.0,155.0,386.0,442.0,257.0,684.0,8.0,81.0,772.0,472.0,104.0,187.0,55.0,18.0,20.0,863.0,175.0,214.0,66.0,768.0,573.0,103.0,655.0,81.0,12683.0,3663.0,0.8802083333333334,576.0,1038.0,0.5549132947976878,0.140625,1419.0,1383.0,861.0,1328.0,493.0,1842.0
26,2020,12N,G      G      G      ,35,110.0,12.0,59.0,21.0,27.0,75.0,2.0,4.0,82.0,54.0,15.0,6.0,1.0,4.0,3.0,133.0,28.0,3.0,0.0,214.0,124.0,27.0,89.0,1.0,1960.0,392.0,0.705607476635514,69.0,161.0,0.42857142857142855,0.014492753623188406,181.0,123.0,88.0,133.0,43.0,216.0
27,2020,12S,G      G      G      ,25,659.0,113.0,229.0,250.0,131.0,554.0,24.0,64.0,601.0,228.0,58.0,83.0,43.0,29.0,29.0,502.0,85.0,27.0,0.0,522.0,270.0,77.0,163.0,66.0,9257.0,2625.0,0.6647509578544061,286.0,587.0,0.48722316865417375,0.23076923076923078,1001.0,935.0,689.0,933.0,308.0,1384.0
28,2020,13E,G      G      G      ,42,198.0,25.0,82.0,66.0,47.0,141.0,5.0,18.0,181.0,62.0,18.0,11.0,6.0,8.0,9.0,92.0,27.0,13.0,3.0,122.0,91.0,34.0,61.0,16.0,4751.0,763.0,1.0245901639344261,80.0,119.0,0.6722689075630253,0.2,305.0,254.0,204.0,269.0,90.0,404.0
29,2020,13W,G      G      G      G      ,39,556.0,82.0,188.0,192.0,63.0,334.0,9.0,42.0,355.0,286.0,39.0,70.0,32.0,18.0,13.0,546.0,62.0,40.0,3.0,534.0,239.0,20.0,232.0,149.0,8238.0,1821.0,0.4850187265917603,325.0,608.0,0.5345394736842105,0.4584615384615385,826.0,589.0,406.0,757.0,187.0,877.0
30,2020,14,G      G      G      G      ,35,105.0,6.0,38.0,51.0,21.0,85.0,5.0,13.0,124.0,76.0,9.0,24.0,7.0,3.0,3.0,130.0,14.0,52.0,1.0,259.0,55.0,8.0,50.0,33.0,1060.0,448.0,0.24324324324324326,85.0,144.0,0.5902777777777778,0.38823529411764707,149.0,157.0,142.0,161.0,40.0,247.0
31,2020,15,G      G      G      G      G      ,44,396.0,52.0,108.0,102.0,49.0,189.0,6.0,30.0,207.0,154.0,23.0,40.0,14.0,13.0,6.0,467.0,37.0,29.0,0.0,474.0,150.0,8.0,93.0,38.0,4139.0,1139.0,0.3333333333333333,177.0,504.0,0.35119047619047616,0.21468926553672316,556.0,340.0,243.0,504.0,131.0,504.0
32,2020,16,G      G      G      ,40,410.0,47.0,152.0,191.0,92.0,321.0,4.0,20.0,350.0,174.0,33.0,40.0,22.0,6.0,8.0,353.0,62.0,158.0,29.0,381.0,229.0,66.0,281.0,67.0,3767.0,1587.0,0.7742782152230971,207.0,415.0,0.4987951807228916,0.32367149758454106,609.0,604.0,374.0,605.0,159.0,823.0
33,2020,17N,G      G      G      G      G      ,60,353.0,39.0,117.0,119.0,59.0,204.0,3.0,22.0,187.0,173.0,30.0,15.0,3.0,7.0,3.0,481.0,48.0,0.0,0.0,442.0,176.0,37.0,177.0,69.0,9605.0,1103.0,0.4819004524886878,203.0,529.0,0.3837429111531191,0.3399014778325123,509.0,382.0,212.0,475.0,120.0,508.0
34,2020,17S,G      G      G      G      G      ,41,299.0,38.0,91.0,72.0,33.0,126.0,2.0,11.0,155.0,176.0,28.0,21.0,8.0,2.0,2.0,387.0,41.0,72.0,6.0,410.0,241.0,97.0,85.0,53.0,3918.0,827.0,0.824390243902439,204.0,428.0,0.4766355140186916,0.25980392156862747,428.0,231.0,168.0,373.0,82.0,372.0
35,2020,18N,G      G      G      G      G      G      ,64,287.0,42.0,112.0,123.0,60.0,169.0,4.0,26.0,254.0,188.0,24.0,52.0,17.0,9.0,8.0,321.0,26.0,17.0,2.0,504.0,148.0,38.0,157.0,78.0,6931.0,1077.0,0.36904761904761907,212.0,347.0,0.6109510086455331,0.36792452830188677,441.0,352.0,284.0,414.0,128.0,535.0
36,2020,18S,G      G      G      ,54,489.0,57.0,125.0,166.0,40.0,196.0,10.0,28.0,212.0,253.0,33.0,40.0,19.0,13.0,5.0,599.0,34.0,9.0,0.0,407.0,256.0,54.0,467.0,158.0,28922.0,1323.0,0.7616707616707616,286.0,633.0,0.4518167456556082,0.5524475524475524,671.0,402.0,250.0,665.0,125.0,533.0
37,2020,19,G      G      ,28,167.0,19.0,54.0,97.0,32.0,92.0,3.0,7.0,79.0,86.0,22.0,27.0,11.0,4.0,3.0,118.0,28.0,0.0,0.0,142.0,71.0,39.0,71.0,58.0,696.0,550.0,0.7746478873239436,108.0,146.0,0.7397260273972602,0.5370370370370371,240.0,221.0,89.0,267.0,58.0,225.0
38,2020,2,G      G      G      G      G      G      G      G      G      ,90,1533.0,262.0,769.0,499.0,227.0,854.0,16.0,81.0,612.0,733.0,168.0,114.0,58.0,27.0,22.0,933.0,200.0,205.0,50.0,985.0,349.0,124.0,238.0,127.0,30948.0,4853.0,0.48020304568527916,901.0,1133.0,0.795233892321271,0.14095449500554938,2564.0,1580.0,709.0,2048.0,570.0,2235.0
39,2020,3,G      G      G      G      G      G      G      G      G      ,124,1730.0,243.0,596.0,732.0,343.0,1114.0,24.0,79.0,632.0,821.0,178.0,222.0,116.0,44.0,41.0,1484.0,253.0,365.0,69.0,890.0,714.0,202.0,605.0,190.0,58661.0,5493.0,1.0292134831460673,999.0,1737.0,0.5751295336787565,0.19019019019019018,2569.0,2189.0,735.0,2486.0,665.0,2342.0
40,2020,4,G      G      G      G      G      G      G      ,87,431.0,86.0,218.0,194.0,63.0,355.0,13.0,46.0,370.0,208.0,62.0,37.0,22.0,11.0,12.0,401.0,100.0,137.0,30.0,420.0,275.0,34.0,242.0,102.0,8557.0,1776.0,0.7357142857142858,270.0,501.0,0.5389221556886228,0.37777777777777777,735.0,612.0,429.0,638.0,195.0,943.0
41,2020,5,G      G      G      G      G      G      ,43,477.0,52.0,157.0,179.0,68.0,255.0,12.0,40.0,290.0,202.0,28.0,49.0,19.0,14.0,11.0,447.0,64.0,58.0,9.0,543.0,233.0,83.0,169.0,11.0,4368.0,1530.0,0.58195211786372,230.0,511.0,0.4500978473581213,0.04782608695652174,686.0,502.0,342.0,668.0,160.0,702.0
42,2020,6,G      G      G      G      G      ,51,1336.0,189.0,656.0,783.0,398.0,1038.0,28.0,73.0,591.0,408.0,102.0,205.0,70.0,36.0,30.0,591.0,126.0,41.0,50.0,757.0,457.0,225.0,237.0,56.0,140606.0,5092.0,0.9009247027741083,510.0,717.0,0.7112970711297071,0.10980392156862745,2181.0,2219.0,692.0,2147.0,660.0,2285.0
43,2020,7,G      G      G      G      G      G      G      ,61,1122.0,130.0,370.0,349.0,153.0,505.0,19.0,61.0,627.0,434.0,75.0,74.0,24.0,29.0,28.0,583.0,100.0,402.0,70.0,608.0,433.0,164.0,122.0,14.0,14194.0,3336.0,0.9819078947368421,509.0,683.0,0.7452415812591509,0.0275049115913556,1622.0,1007.0,707.0,1490.0,344.0,1502.0
44,2020,8,G      G      G      G      G      ,45,287.0,41.0,105.0,130.0,67.0,246.0,3.0,22.0,335.0,156.0,24.0,31.0,16.0,5.0,6.0,254.0,29.0,22.0,5.0,312.0,189.0,78.0,98.0,7.0,9412.0,1236.0,0.8557692307692307,180.0,283.0,0.6360424028268551,0.03888888888888889,433.0,443.0,360.0,420.0,130.0,686.0
45,2020,9,G      G      G      G      G      G      G      G      ,80,1370.0,252.0,600.0,632.0,302.0,1001.0,20.0,100.0,1029.0,537.0,102.0,223.0,73.0,37.0,37.0,1322.0,216.0,135.0,21.0,1045.0,870.0,408.0,533.0,163.0,16870.0,5306.0,1.2229665071770335,639.0,1538.0,0.4154746423927178,0.25508607198748046,2222.0,1935.0,1149.0,2022.0,654.0,2630.0
46,2021,1,G      G      G      G      G      ,81,216.0,15.0,67.0,96.0,37.0,122.0,4.0,19.0,123.0,209.0,44.0,74.0,19.0,16.0,6.0,254.0,54.0,0.0,0.0,225.0,89.0,40.0,81.0,73.0,10040.0,699.0,0.5733333333333334,253.0,308.0,0.8214285714285714,0.2885375494071146,298.0,255.0,146.0,316.0,71.0,312.0
47,2021,10,G      G      G      G      G      ,88,559.0,109.0,243.0,258.0,110.0,383.0,12.0,40.0,373.0,335.0,72.0,131.0,45.0,19.0,16.0,151.0,27.0,65.0,58.0,428.0,392.0,170.0,237.0,68.0,23338.0,2087.0,1.3130841121495327,407.0,178.0,2.2865168539325844,0.16707616707616707,911.0,751.0,425.0,829.0,259.0,999.0
48,2021,11,G      G      G      G      G      G      ,94,894.0,134.0,353.0,383.0,193.0,609.0,26.0,82.0,734.0,683.0,137.0,207.0,69.0,59.0,56.0,833.0,129.0,176.0,46.0,712.0,551.0,249.0,319.0,110.0,14765.0,3408.0,1.1235955056179776,820.0,962.0,0.8523908523908524,0.13414634146341464,1381.0,1185.0,842.0,1303.0,409.0,1696.0
49,2021,12N,G      G      G      ,59,173.0,25.0,70.0,32.0,18.0,79.0,1.0,5.0,74.0,133.0,22.0,19.0,13.0,3.0,5.0,115.0,17.0,0.0,0.0,223.0,97.0,27.0,67.0,18.0,2665.0,477.0,0.5560538116591929,155.0,132.0,1.1742424242424243,0.11612903225806452,268.0,129.0,80.0,206.0,48.0,223.0
50,2021,12S,G      G      G      ,36,517.0,68.0,196.0,279.0,79.0,485.0,21.0,50.0,441.0,349.0,58.0,119.0,49.0,24.0,21.0,517.0,84.0,63.0,18.0,492.0,347.0,39.0,300.0,66.0,11019.0,2136.0,0.7845528455284553,407.0,601.0,0.6772046589018302,0.16216216216216217,781.0,843.0,512.0,817.0,197.0,1122.0
51,2021,13E,G      G      G      ,45,144.0,35.0,77.0,77.0,51.0,145.0,3.0,11.0,184.0,71.0,20.0,48.0,16.0,5.0,7.0,99.0,29.0,15.0,7.0,129.0,95.0,73.0,88.0,52.0,5179.0,727.0,1.302325581395349,91.0,128.0,0.7109375,0.5714285714285714,256.0,273.0,198.0,224.0,97.0,406.0
52,2021,13W,G      G      G      G      ,56,476.0,103.0,188.0,204.0,65.0,307.0,2.0,51.0,340.0,256.0,56.0,96.0,30.0,19.0,23.0,352.0,64.0,17.0,0.0,508.0,106.0,26.0,87.0,45.0,8126.0,1736.0,0.25984251968503935,312.0,416.0,0.75,0.14423076923076922,767.0,576.0,393.0,682.0,219.0,835.0
53,2021,14,G      G      G      G      ,60,188.0,12.0,51.0,57.0,19.0,80.0,3.0,13.0,118.0,138.0,21.0,24.0,8.0,4.0,5.0,150.0,25.0,37.0,6.0,244.0,87.0,35.0,112.0,42.0,1796.0,541.0,0.5,159.0,175.0,0.9085714285714286,0.2641509433962264,251.0,156.0,134.0,248.0,44.0,249.0
54,2021,15,G      G      G      G      G      ,88,454.0,62.0,111.0,136.0,37.0,189.0,5.0,42.0,235.0,372.0,38.0,86.0,30.0,23.0,16.0,428.0,36.0,39.0,2.0,440.0,312.0,147.0,179.0,152.0,8056.0,1271.0,1.0431818181818182,410.0,464.0,0.8836206896551724,0.37073170731707317,627.0,362.0,282.0,595.0,141.0,535.0
55,2021,16,G      G      G      ,46,402.0,92.0,165.0,167.0,85.0,296.0,7.0,25.0,347.0,257.0,47.0,82.0,21.0,20.0,20.0,259.0,40.0,70.0,6.0,354.0,239.0,70.0,150.0,82.0,7795.0,1586.0,0.8728813559322034,304.0,299.0,1.0167224080267558,0.26973684210526316,659.0,548.0,379.0,576.0,202.0,808.0
56,2021,17N,G      G      G      G      G      ,97,475.0,72.0,127.0,152.0,69.0,236.0,3.0,26.0,239.0,301.0,25.0,102.0,27.0,17.0,16.0,378.0,25.0,24.0,5.0,533.0,316.0,153.0,172.0,135.0,12730.0,1399.0,0.8799249530956847,326.0,403.0,0.8089330024813896,0.41411042944785276,674.0,457.0,268.0,630.0,167.0,602.0
57,2021,17S,G      G      G      G      G      ,88,298.0,48.0,94.0,78.0,38.0,141.0,4.0,15.0,156.0,187.0,21.0,44.0,16.0,10.0,7.0,251.0,28.0,39.0,10.0,398.0,237.0,114.0,69.0,100.0,6397.0,872.0,0.8819095477386935,208.0,279.0,0.7455197132616488,0.4807692307692308,440.0,257.0,175.0,380.0,101.0,391.0
58,2021,18N,G      G      G      G      G      G      ,96,289.0,47.0,90.0,99.0,66.0,176.0,2.0,29.0,231.0,170.0,28.0,38.0,14.0,11.0,7.0,257.0,38.0,59.0,4.0,475.0,158.0,65.0,95.0,63.0,7172.0,1029.0,0.4694736842105263,198.0,295.0,0.6711864406779661,0.3181818181818182,426.0,341.0,262.0,390.0,142.0,497.0
59,2021,18S,G      G      G      ,48,385.0,34.0,107.0,162.0,51.0,179.0,10.0,23.0,197.0,235.0,24.0,80.0,23.0,13.0,6.0,370.0,26.0,0.0,0.0,390.0,295.0,181.0,135.0,121.0,25259.0,1148.0,1.2205128205128206,259.0,396.0,0.6540404040404041,0.4671814671814672,526.0,392.0,230.0,557.0,108.0,483.0
60,2021,19,G      G      ,27,136.0,16.0,46.0,119.0,38.0,104.0,3.0,7.0,76.0,106.0,31.0,71.0,27.0,5.0,4.0,123.0,33.0,17.0,1.0,157.0,79.0,30.0,50.0,21.0,1200.0,545.0,0.6942675159235668,137.0,156.0,0.8782051282051282,0.15328467153284672,198.0,261.0,86.0,258.0,61.0,226.0
61,2021,2,G      G      G      G      G      G      G      G      G      ,132,1717.0,324.0,809.0,576.0,292.0,958.0,31.0,70.0,649.0,1008.0,235.0,311.0,140.0,39.0,35.0,1199.0,256.0,176.0,45.0,932.0,557.0,249.0,392.0,151.0,42805.0,5426.0,0.8648068669527897,1243.0,1455.0,0.8542955326460481,0.12148028962188254,2850.0,1826.0,750.0,2324.0,686.0,2416.0
62,2021,3,G      G      G      G      G      G      G      G      G      ,169,1477.0,180.0,606.0,741.0,290.0,1174.0,17.0,86.0,656.0,1027.0,234.0,417.0,166.0,42.0,38.0,1127.0,259.0,204.0,29.0,847.0,701.0,304.0,380.0,214.0,70918.0,5227.0,1.1865407319952774,1261.0,1386.0,0.9098124098124099,0.1697065820777161,2263.0,2205.0,759.0,2235.0,556.0,2436.0
63,2021,4,G      G      G      G      G      G      G      ,127,504.0,76.0,242.0,259.0,102.0,399.0,19.0,48.0,384.0,329.0,85.0,162.0,62.0,21.0,15.0,372.0,71.0,0.0,0.0,405.0,271.0,72.0,229.0,159.0,20777.0,2033.0,0.8469135802469135,414.0,443.0,0.9345372460496614,0.38405797101449274,822.0,760.0,451.0,782.0,226.0,1025.0
64,2021,5,G      G      G      G      G      G      ,106,487.0,50.0,158.0,203.0,67.0,240.0,11.0,32.0,264.0,326.0,47.0,127.0,35.0,13.0,10.0,389.0,56.0,40.0,10.0,525.0,245.0,104.0,156.0,55.0,4524.0,1512.0,0.6647619047619048,373.0,445.0,0.8382022471910112,0.14745308310991956,695.0,510.0,307.0,701.0,149.0,662.0
65,2021,6,G      G      G      G      G      ,83,1038.0,105.0,493.0,609.0,199.0,759.0,10.0,59.0,544.0,728.0,215.0,307.0,116.0,12.0,16.0,923.0,232.0,72.0,10.0,728.0,339.0,59.0,266.0,140.0,63582.0,3816.0,0.5467032967032966,943.0,1155.0,0.8164502164502164,0.14846235418875928,1636.0,1567.0,613.0,1657.0,363.0,1796.0
66,2021,7,G      G      G      G      G      G      G      ,124,1194.0,131.0,396.0,364.0,153.0,537.0,12.0,64.0,588.0,596.0,104.0,181.0,64.0,23.0,16.0,644.0,113.0,80.0,12.0,636.0,523.0,198.0,323.0,170.0,19665.0,3439.0,1.1336477987421383,700.0,757.0,0.9247027741083224,0.24285714285714285,1721.0,1054.0,664.0,1570.0,348.0,1521.0
67,2021,8,G      G      G      G      G      ,93,385.0,48.0,95.0,128.0,72.0,280.0,8.0,26.0,347.0,283.0,22.0,80.0,19.0,18.0,9.0,313.0,36.0,29.0,1.0,309.0,217.0,124.0,135.0,57.0,14204.0,1389.0,1.103559870550162,305.0,349.0,0.8739255014326648,0.18688524590163935,528.0,480.0,381.0,521.0,146.0,722.0
68,2021,9,G      G      G      G      G      G      G      G      ,144,1674.0,325.0,687.0,663.0,349.0,1132.0,13.0,91.0,1076.0,1094.0,235.0,339.0,112.0,36.0,42.0,1092.0,230.0,196.0,35.0,998.0,784.0,352.0,515.0,293.0,33295.0,6010.0,1.1382765531062125,1329.0,1322.0,1.0052950075642966,0.22046651617757712,2686.0,2144.0,1180.0,2350.0,765.0,2895.0
69,2022,1,G      G      G      G      G      ,88,180.0,28.0,61.0,118.0,31.0,125.0,3.0,21.0,121.0,121.0,20.0,62.0,17.0,5.0,3.0,149.0,17.0,11.0,1.0,188.0,100.0,33.0,61.0,35.0,7119.0,688.0,0.7074468085106383,141.0,166.0,0.8493975903614458,0.24822695035460993,269.0,274.0,145.0,301.0,80.0,307.0
70,2022,10,G      G      G      G      G      ,96,514.0,100.0,239.0,248.0,119.0,387.0,10.0,43.0,375.0,280.0,54.0,130.0,35.0,12.0,14.0,330.0,50.0,49.0,9.0,390.0,368.0,149.0,295.0,58.0,20677.0,2035.0,1.3256410256410256,334.0,380.0,0.8789473684210526,0.17365269461077845,853.0,754.0,428.0,772.0,262.0,1001.0
71,2022,11,G      G      G      G      G      G      ,83,831.0,150.0,337.0,383.0,154.0,545.0,16.0,77.0,693.0,572.0,119.0,228.0,62.0,37.0,31.0,701.0,133.0,141.0,21.0,692.0,541.0,252.0,273.0,122.0,13914.0,3186.0,1.1459537572254335,691.0,834.0,0.8285371702637889,0.17655571635311143,1318.0,1082.0,786.0,1230.0,381.0,1575.0
72,2022,12N,G      G      G      ,44,173.0,17.0,70.0,45.0,24.0,104.0,0.0,5.0,97.0,116.0,21.0,27.0,7.0,1.0,7.0,150.0,18.0,0.0,0.0,209.0,92.0,19.0,66.0,18.0,2412.0,535.0,0.5311004784688995,137.0,168.0,0.8154761904761905,0.13138686131386862,260.0,173.0,102.0,218.0,46.0,271.0
73,2022,12S,G      G      G      ,43,543.0,67.0,181.0,232.0,72.0,415.0,15.0,49.0,403.0,369.0,47.0,97.0,34.0,24.0,22.0,536.0,62.0,52.0,13.0,485.0,321.0,35.0,292.0,37.0,14936.0,1977.0,0.734020618556701,416.0,598.0,0.6956521739130435,0.0889423076923077,791.0,719.0,467.0,790.0,188.0,999.0
74,2022,13E,G      G      G      ,60,101.0,16.0,50.0,68.0,38.0,89.0,2.0,15.0,132.0,56.0,17.0,40.0,16.0,8.0,7.0,74.0,16.0,4.0,0.0,114.0,90.0,44.0,59.0,54.0,3797.0,511.0,1.1754385964912282,73.0,90.0,0.8111111111111111,0.7397260273972602,167.0,195.0,149.0,171.0,69.0,271.0
75,2022,13W,G      G      G      G      ,40,433.0,56.0,168.0,187.0,70.0,256.0,7.0,26.0,297.0,312.0,57.0,102.0,30.0,14.0,9.0,414.0,75.0,58.0,10.0,467.0,132.0,30.0,103.0,46.0,9934.0,1500.0,0.3468950749464668,369.0,489.0,0.754601226993865,0.12466124661246612,657.0,513.0,330.0,627.0,152.0,721.0
76,2022,14,G      G      G      G      ,49,163.0,16.0,56.0,51.0,18.0,88.0,3.0,11.0,124.0,102.0,22.0,27.0,6.0,5.0,3.0,175.0,28.0,15.0,2.0,215.0,84.0,31.0,96.0,32.0,2028.0,530.0,0.5348837209302325,124.0,203.0,0.6108374384236454,0.25806451612903225,235.0,157.0,138.0,217.0,45.0,268.0
77,2022,15,G      G      G      G      G      ,95,448.0,58.0,132.0,180.0,52.0,203.0,9.0,40.0,257.0,309.0,42.0,129.0,30.0,16.0,14.0,451.0,59.0,17.0,2.0,416.0,328.0,154.0,181.0,122.0,13139.0,1379.0,1.1586538461538463,351.0,510.0,0.6882352941176471,0.3475783475783476,638.0,435.0,306.0,637.0,150.0,592.0
78,2022,16,G      G      G      ,53,355.0,67.0,137.0,199.0,101.0,305.0,4.0,25.0,341.0,227.0,38.0,128.0,50.0,9.0,11.0,301.0,44.0,64.0,10.0,328.0,275.0,84.0,169.0,92.0,4558.0,1534.0,1.0945121951219512,265.0,345.0,0.7681159420289855,0.3471698113207547,559.0,605.0,370.0,558.0,193.0,783.0
79,2022,17N,G      G      G      G      G      ,84,424.0,72.0,152.0,147.0,69.0,225.0,3.0,25.0,226.0,242.0,56.0,74.0,20.0,13.0,12.0,404.0,71.0,90.0,7.0,514.0,342.0,119.0,226.0,73.0,17362.0,1343.0,0.896887159533074,298.0,475.0,0.6273684210526316,0.24496644295302014,648.0,441.0,254.0,574.0,166.0,603.0
80,2022,17S,G      G      G      G      G      ,80,302.0,42.0,94.0,82.0,42.0,140.0,4.0,16.0,145.0,210.0,36.0,44.0,25.0,7.0,5.0,322.0,37.0,95.0,13.0,381.0,187.0,87.0,110.0,81.0,8649.0,867.0,0.7191601049868767,246.0,359.0,0.6852367688022284,0.32926829268292684,438.0,264.0,165.0,388.0,100.0,379.0
81,2022,18N,G      G      G      G      G      G      ,105,303.0,57.0,103.0,117.0,50.0,161.0,8.0,17.0,214.0,210.0,41.0,76.0,16.0,13.0,7.0,300.0,52.0,31.0,3.0,460.0,130.0,73.0,80.0,76.0,8505.0,1030.0,0.44130434782608696,251.0,352.0,0.7130681818181818,0.30278884462151395,463.0,328.0,239.0,428.0,124.0,478.0
82,2022,18S,G      G      G      ,55,326.0,48.0,113.0,126.0,53.0,166.0,9.0,25.0,205.0,194.0,38.0,42.0,11.0,15.0,11.0,337.0,44.0,96.0,4.0,350.0,257.0,142.0,133.0,95.0,31525.0,1071.0,1.14,232.0,381.0,0.6089238845144357,0.40948275862068967,487.0,345.0,239.0,461.0,126.0,484.0
83,2022,19,G      G      ,39,140.0,18.0,53.0,101.0,45.0,108.0,0.0,12.0,67.0,113.0,35.0,46.0,24.0,6.0,2.0,142.0,35.0,0.0,0.0,146.0,105.0,64.0,42.0,53.0,2158.0,544.0,1.1575342465753424,148.0,177.0,0.8361581920903954,0.3581081081081081,211.0,254.0,79.0,241.0,75.0,228.0
84,2022,2,G      G      G      G      G      G      G      G      G      ,125,1609.0,293.0,742.0,623.0,289.0,953.0,27.0,82.0,651.0,987.0,242.0,334.0,136.0,37.0,31.0,1229.0,284.0,55.0,8.0,873.0,657.0,232.0,480.0,211.0,43549.0,5269.0,1.0183276059564719,1229.0,1513.0,0.8122934567085262,0.17168429617575265,2644.0,1865.0,760.0,2259.0,664.0,2346.0
85,2022,3,G      G      G      G      G      G      G      G      G      ,151,1196.0,162.0,504.0,654.0,261.0,1080.0,15.0,75.0,646.0,756.0,169.0,306.0,132.0,29.0,29.0,1131.0,272.0,150.0,49.0,816.0,652.0,288.0,482.0,168.0,76306.0,4593.0,1.1519607843137254,925.0,1403.0,0.6593014967925873,0.18162162162162163,1862.0,1995.0,736.0,1865.0,498.0,2230.0
86,2022,4,G      G      G      G      G      G      G      ,132,438.0,72.0,230.0,276.0,103.0,381.0,18.0,48.0,371.0,304.0,77.0,146.0,54.0,24.0,14.0,378.0,88.0,36.0,13.0,364.0,296.0,90.0,281.0,102.0,15873.0,1937.0,1.0604395604395604,381.0,466.0,0.8175965665236051,0.2677165354330709,740.0,760.0,437.0,732.0,223.0,982.0
87,2022,5,G      G      G      G      G      G      ,88,432.0,37.0,147.0,190.0,55.0,220.0,9.0,35.0,246.0,243.0,45.0,93.0,23.0,9.0,10.0,372.0,52.0,22.0,2.0,490.0,203.0,117.0,165.0,60.0,4125.0,1371.0,0.6530612244897959,288.0,424.0,0.6792452830188679,0.20833333333333334,616.0,465.0,290.0,631.0,127.0,613.0
88,2022,6,G      G      G      G      G      ,88,1024.0,110.0,468.0,568.0,159.0,700.0,22.0,69.0,560.0,652.0,178.0,252.0,104.0,31.0,28.0,709.0,118.0,246.0,18.0,703.0,558.0,302.0,254.0,127.0,73352.0,3680.0,1.2233285917496444,830.0,827.0,1.003627569528416,0.1530120481927711,1602.0,1427.0,651.0,1614.0,338.0,1728.0
89,2022,7,G      G      G      G      G      G      G      ,125,1152.0,126.0,378.0,436.0,174.0,607.0,6.0,64.0,613.0,615.0,112.0,227.0,67.0,23.0,24.0,732.0,134.0,53.0,5.0,582.0,524.0,224.0,321.0,213.0,25700.0,3556.0,1.2852233676975946,727.0,866.0,0.8394919168591224,0.29298486932599727,1656.0,1217.0,683.0,1594.0,364.0,1598.0
90,2022,8,G      G      G      G      G      ,84,371.0,38.0,125.0,139.0,69.0,275.0,1.0,24.0,352.0,267.0,60.0,82.0,25.0,6.0,8.0,299.0,61.0,42.0,13.0,283.0,246.0,102.0,141.0,51.0,13241.0,1394.0,1.2296819787985867,327.0,360.0,0.9083333333333333,0.1559633027522936,534.0,483.0,377.0,511.0,131.0,752.0
91,2022,9,G      G      G      G      G      G      G      G      ,130,1421.0,243.0,545.0,642.0,288.0,940.0,16.0,67.0,950.0,915.0,155.0,360.0,120.0,33.0,40.0,1268.0,231.0,198.0,34.0,931.0,885.0,302.0,576.0,292.0,35530.0,5112.0,1.2749731471535983,1070.0,1499.0,0.7138092061374249,0.27289719626168224,2209.0,1870.0,1033.0,2079.0,598.0,2435.0
92,2023,1,G      G      G      G      G      ,81,140.0,22.0,63.0,102.0,44.0,130.0,7.0,15.0,112.0,111.0,33.0,52.0,16.0,7.0,4.0,152.0,37.0,10.0,5.0,201.0,110.0,33.0,86.0,67.0,6429.0,635.0,0.7114427860696517,144.0,189.0,0.7619047619047619,0.4652777777777778,225.0,276.0,134.0,249.0,81.0,305.0
93,2023,10,G      G      G      G      G      ,89,432.0,70.0,211.0,204.0,115.0,341.0,12.0,34.0,352.0,284.0,54.0,84.0,27.0,19.0,17.0,375.0,78.0,22.0,6.0,396.0,336.0,84.0,258.0,107.0,16848.0,1771.0,1.0606060606060606,338.0,453.0,0.7461368653421634,0.3165680473372781,713.0,660.0,398.0,648.0,219.0,904.0
94,2023,11,G      G      G      G      G      G      ,83,726.0,119.0,248.0,354.0,142.0,540.0,9.0,64.0,668.0,475.0,70.0,176.0,72.0,28.0,24.0,726.0,101.0,147.0,30.0,670.0,563.0,219.0,275.0,141.0,13443.0,2870.0,1.1671641791044776,545.0,827.0,0.6590084643288996,0.25871559633027524,1093.0,1036.0,741.0,1089.0,325.0,1456.0
95,2023,12N,G      G      G      ,48,207.0,30.0,73.0,64.0,29.0,128.0,0.0,8.0,108.0,133.0,29.0,44.0,20.0,4.0,5.0,195.0,28.0,2.0,0.0,205.0,81.0,8.0,76.0,28.0,3252.0,647.0,0.43414634146341463,162.0,223.0,0.726457399103139,0.1728395061728395,310.0,221.0,116.0,271.0,67.0,309.0
96,2023,12S,G      G      G      ,51,559.0,63.0,199.0,273.0,76.0,439.0,15.0,40.0,404.0,380.0,71.0,149.0,39.0,21.0,18.0,591.0,96.0,0.0,0.0,470.0,353.0,94.0,265.0,96.0,21443.0,2068.0,0.951063829787234,451.0,687.0,0.6564774381368268,0.21286031042128603,821.0,788.0,459.0,847.0,179.0,1042.0
97,2023,13E,G      G      G      ,47,99.0,16.0,31.0,58.0,27.0,90.0,1.0,11.0,117.0,59.0,9.0,29.0,13.0,3.0,6.0,80.0,20.0,2.0,1.0,122.0,99.0,55.0,72.0,23.0,3337.0,450.0,1.2622950819672132,68.0,100.0,0.68,0.3382352941176471,146.0,175.0,129.0,158.0,54.0,238.0
98,2023,13W,G      G      G      G      ,56,429.0,65.0,143.0,202.0,81.0,243.0,3.0,21.0,281.0,311.0,45.0,105.0,30.0,11.0,11.0,418.0,65.0,44.0,8.0,453.0,205.0,87.0,132.0,57.0,11401.0,1468.0,0.6445916114790287,356.0,483.0,0.7370600414078675,0.1601123595505618,637.0,526.0,305.0,634.0,167.0,667.0
99,2023,14,G      G      G      G      ,61,187.0,13.0,71.0,50.0,13.0,99.0,6.0,10.0,117.0,144.0,21.0,30.0,10.0,7.0,4.0,196.0,25.0,40.0,2.0,206.0,71.0,14.0,88.0,65.0,3386.0,566.0,0.41262135922330095,165.0,221.0,0.746606334841629,0.3939393939393939,271.0,162.0,133.0,243.0,36.0,287.0
100,2023,15,G      G      G      G      G      ,84,445.0,54.0,115.0,184.0,69.0,197.0,6.0,35.0,238.0,301.0,38.0,111.0,33.0,12.0,18.0,493.0,50.0,48.0,6.0,405.0,306.0,134.0,183.0,88.0,16539.0,1343.0,1.0864197530864197,339.0,543.0,0.6243093922651933,0.25958702064896755,614.0,450.0,279.0,635.0,158.0,550.0
101,2023,16,G      G      G      ,57,403.0,73.0,155.0,181.0,98.0,309.0,1.0,24.0,317.0,326.0,64.0,102.0,40.0,7.0,7.0,452.0,77.0,83.0,25.0,312.0,268.0,76.0,177.0,119.0,9715.0,1561.0,1.1025641025641026,390.0,529.0,0.7372400756143668,0.30512820512820515,631.0,588.0,342.0,585.0,195.0,781.0
102,2023,17N,G      G      G      G      G      ,95,455.0,60.0,151.0,158.0,66.0,224.0,1.0,24.0,212.0,343.0,66.0,93.0,32.0,10.0,13.0,558.0,81.0,174.0,14.0,482.0,331.0,136.0,199.0,102.0,18186.0,1351.0,0.9688796680497925,409.0,639.0,0.6400625978090767,0.24938875305623473,666.0,448.0,237.0,614.0,150.0,587.0
103,2023,17S,G      G      G      G      G      ,84,414.0,47.0,129.0,109.0,34.0,145.0,2.0,17.0,144.0,327.0,52.0,62.0,10.0,7.0,5.0,493.0,73.0,18.0,1.0,365.0,199.0,54.0,154.0,96.0,10402.0,1041.0,0.6931506849315069,379.0,566.0,0.6696113074204947,0.2532981530343008,590.0,288.0,163.0,525.0,98.0,418.0
104,2023,18N,G      G      G      G      G      G      ,107,311.0,51.0,115.0,120.0,60.0,173.0,2.0,22.0,193.0,237.0,43.0,62.0,15.0,6.0,5.0,399.0,64.0,65.0,11.0,451.0,163.0,70.0,127.0,107.0,10901.0,1047.0,0.516629711751663,280.0,463.0,0.6047516198704104,0.3821428571428571,477.0,353.0,217.0,433.0,133.0,481.0
105,2023,18S,G      G      G      ,69,365.0,32.0,110.0,163.0,48.0,179.0,9.0,20.0,200.0,283.0,38.0,100.0,30.0,10.0,4.0,458.0,53.0,3.0,2.0,336.0,243.0,98.0,148.0,180.0,47458.0,1126.0,1.0148809523809523,321.0,511.0,0.6281800391389433,0.5607476635514018,507.0,390.0,229.0,537.0,100.0,489.0
106,2023,19,G      G      ,43,179.0,22.0,57.0,139.0,44.0,124.0,3.0,4.0,74.0,166.0,32.0,82.0,34.0,6.0,5.0,204.0,38.0,0.0,0.0,159.0,158.0,97.0,61.0,59.0,6418.0,646.0,1.6037735849056605,198.0,242.0,0.8181818181818182,0.29797979797979796,258.0,307.0,81.0,321.0,70.0,255.0
107,2023,2,G      G      G      G      G      G      G      G      G      ,128,1452.0,266.0,675.0,702.0,263.0,967.0,29.0,83.0,624.0,947.0,208.0,383.0,120.0,43.0,33.0,1483.0,288.0,322.0,85.0,851.0,663.0,181.0,540.0,347.0,43506.0,5061.0,0.9917743830787309,1155.0,1771.0,0.6521739130434783,0.30043290043290044,2393.0,1932.0,736.0,2183.0,612.0,2266.0
108,2023,3,G      G      G      G      G      G      G      G      G      ,146,1186.0,139.0,529.0,641.0,208.0,990.0,23.0,69.0,612.0,888.0,224.0,327.0,96.0,40.0,40.0,1322.0,339.0,49.0,10.0,801.0,568.0,221.0,463.0,202.0,76302.0,4397.0,0.9850187265917603,1112.0,1661.0,0.6694762191450934,0.18165467625899281,1854.0,1839.0,704.0,1850.0,416.0,2131.0
109,2023,4,G      G      G      G      G      G      G      ,123,397.0,65.0,207.0,305.0,118.0,373.0,11.0,51.0,402.0,299.0,79.0,150.0,45.0,19.0,27.0,394.0,99.0,93.0,19.0,360.0,266.0,96.0,231.0,125.0,14558.0,1929.0,1.0055555555555555,378.0,493.0,0.7667342799188641,0.3306878306878307,669.0,796.0,464.0,713.0,234.0,982.0
110,2023,5,G      G      G      G      G      G      ,90,495.0,45.0,161.0,190.0,62.0,243.0,12.0,33.0,267.0,299.0,37.0,92.0,30.0,15.0,5.0,470.0,62.0,43.0,22.0,476.0,242.0,167.0,130.0,58.0,4209.0,1508.0,0.8592436974789915,336.0,532.0,0.631578947368421,0.17261904761904762,701.0,495.0,312.0,697.0,140.0,671.0
111,2023,6,G      G      G      G      G      ,82,918.0,98.0,406.0,622.0,144.0,719.0,21.0,73.0,540.0,615.0,166.0,270.0,114.0,33.0,24.0,922.0,206.0,47.0,11.0,679.0,432.0,178.0,242.0,144.0,69043.0,3541.0,0.898379970544919,781.0,1128.0,0.6923758865248227,0.18437900128040974,1422.0,1485.0,634.0,1561.0,315.0,1665.0
112,2023,7,G      G      G      G      G      G      G      ,140,1141.0,143.0,380.0,474.0,141.0,585.0,13.0,48.0,602.0,619.0,103.0,234.0,68.0,25.0,21.0,702.0,105.0,44.0,11.0,572.0,500.0,225.0,272.0,193.0,29911.0,3527.0,1.2674825174825175,722.0,807.0,0.8946716232961586,0.2673130193905817,1664.0,1200.0,663.0,1628.0,332.0,1567.0
113,2023,8,G      G      G      G      G      ,80,381.0,44.0,108.0,179.0,65.0,281.0,3.0,15.0,332.0,284.0,44.0,101.0,44.0,5.0,5.0,368.0,51.0,43.0,8.0,276.0,202.0,63.0,121.0,63.0,9523.0,1408.0,0.9601449275362319,328.0,419.0,0.7828162291169452,0.19207317073170732,533.0,525.0,350.0,563.0,124.0,721.0
114,2023,9,G      G      G      G      G      G      G      G      ,144,1392.0,263.0,537.0,676.0,310.0,977.0,8.0,68.0,898.0,948.0,189.0,382.0,119.0,26.0,20.0,1321.0,236.0,312.0,91.0,896.0,858.0,344.0,518.0,346.0,35574.0,5129.0,1.3415178571428572,1137.0,1557.0,0.7302504816955684,0.3043095866314864,2192.0,1963.0,974.0,2076.0,641.0,2412.0
